{"cameraMode":{"drawMode":0,"name":"Shaded","section":"Shading Mode"},"sceneLighting":true,"audioPlay":false,"sceneViewState":{"showFog":true,"showMaterialUpdate":false,"showSkybox":true,"showFlares":true,"showImageEffects":true,"showParticleSystems":true},"in2DMode":false,"pivot":{"x":0.044795989990234378,"y":1.5044403076171876,"z":-21.773569107055665},"rotation":{"x":-0.10559453815221787,"y":-0.8197729587554932,"z":0.539753258228302,"w":-0.16001036763191224},"size":35.19855499267578,"orthographic":false}